position,ancestral_nuc,2014_nuc,gene,type,aa_pos,ancestral_aa,2014_aa,blosum_62_score,derived_allele_ct_in_2014
127,C,T,NP,noncoding,noncoding,noncoding,noncoding,NA,81
155,A,C,NP,noncoding,noncoding,noncoding,noncoding,NA,81
182,A,G,NP,noncoding,noncoding,noncoding,noncoding,NA,81
187,A,G,NP,noncoding,noncoding,noncoding,noncoding,NA,81
236,T,C,NP,noncoding,noncoding,noncoding,noncoding,NA,81
257,A,G,NP,noncoding,noncoding,noncoding,noncoding,NA,81
261,C,T,NP,noncoding,noncoding,noncoding,noncoding,NA,81
263,G,A,NP,noncoding,noncoding,noncoding,noncoding,NA,81
295,A,C,NP,noncoding,noncoding,noncoding,noncoding,NA,81
356,C,T,NP,noncoding,noncoding,noncoding,noncoding,NA,81
369,T,C,NP,noncoding,noncoding,noncoding,noncoding,NA,81
378,T,C,NP,noncoding,noncoding,noncoding,noncoding,NA,81
385,T,C,NP,noncoding,noncoding,noncoding,noncoding,NA,81
392,T,C,NP,noncoding,noncoding,noncoding,noncoding,NA,81
409,T,C,NP,noncoding,noncoding,noncoding,noncoding,NA,81
424,G,A,NP,noncoding,noncoding,noncoding,noncoding,NA,81
434,A,T,NP,noncoding,noncoding,noncoding,noncoding,NA,81
572,A,G,NP,nonsynonymous,35,Ile,Val,3,1
655,A,T,NP,synonymous,62,Ala,Ala,NA,81
800,C,T,NP,nonsynonymous,111,Arg,Cys,-3,72
850,A,G,NP,synonymous,127,Gly,Gly,NA,81
852,A,G,NP,nonsynonymous,128,Lys,Arg,2,81
919,T,C,NP,synonymous,150,Phe,Phe,NA,81
1024,A,C,NP,synonymous,185,Ile,Ile,NA,2
1108,C,T,NP,synonymous,213,Leu,Leu,NA,81
1141,G,A,NP,synonymous,224,Gly,Gly,NA,81
1199,T,C,NP,synonymous,244,Leu,Leu,NA,81
1288,A,T,NP,synonymous,273,Val,Val,NA,1
1309,T,C,NP,synonymous,280,Phe,Phe,NA,81
1417,A,G,NP,synonymous,316,Leu,Leu,NA,81
1447,A,C,NP,synonymous,326,Ala,Ala,NA,81
1492,A,G,NP,synonymous,341,Gln,Gln,NA,1
1507,T,A,NP,synonymous,346,Ala,Ala,NA,81
1543,A,G,NP,synonymous,358,Ala,Ala,NA,81
1552,C,T,NP,synonymous,361,Arg,Arg,NA,81
1648,T,G,NP,synonymous,393,Ala,Ala,NA,81
1849,T,C,NP,synonymous,460,Asp,Asp,NA,78
1862,A,G,NP,nonsynonymous,465,Ser,Gly,0,81
1879,G,A,NP,synonymous,470,Gln,Gln,NA,81
1902,A,G,NP,nonsynonymous,478,Asn,Ser,1,81
1954,T,C,NP,synonymous,495,Thr,Thr,NA,81
2043,G,C,NP,nonsynonymous,525,Arg,Thr,-1,81
2056,T,C,NP,synonymous,529,Asn,Asn,NA,81
2060,C,A,NP,nonsynonymous,531,Pro,Thr,-1,81
2122,T,C,NP,synonymous,551,Asn,Asn,NA,81
2124,A,G,NP,nonsynonymous,552,Glu,Gly,-2,1
2158,A,C,NP,synonymous,563,Thr,Thr,NA,81
2185,G,A,NP,synonymous,572,Leu,Leu,NA,1
2224,G,A,NP,synonymous,585,Leu,Leu,NA,81
2263,C,T,NP,synonymous,598,Ser,Ser,NA,81
2314,T,C,NP,synonymous,615,Ser,Ser,NA,81
2341,G,A,NP,synonymous,624,Glu,Glu,NA,79
2361,C,T,NP,nonsynonymous,631,Thr,Ile,-1,81
2364,A,G,NP,nonsynonymous,632,Gln,Arg,1,1
2380,G,A,NP,synonymous,637,Gln,Gln,NA,81
2407,C,T,NP,synonymous,646,His,His,NA,81
2461,T,C,NP,synonymous,664,Ala,Ala,NA,81
2497,A,G,NP,synonymous,676,Val,Val,NA,1
2518,C,T,NP,synonymous,683,Gly,Gly,NA,81
2593,A,T,NP,nonsynonymous,708,Glu,Asp,2,81
2612,T,C,NP,synonymous,715,Leu,Leu,NA,81
2638,G,A,NP,synonymous,723,Pro,Pro,NA,81
2652,A,G,NP,nonsynonymous,728,Lys,Arg,2,81
2699,G,T,noncoding,noncoding,noncoding,noncoding,noncoding,NA,81
2718,C,T,noncoding,noncoding,noncoding,noncoding,noncoding,NA,81
2815,T,G,noncoding,noncoding,noncoding,noncoding,noncoding,NA,81
2886,G,A,noncoding,noncoding,noncoding,noncoding,noncoding,NA,81
2914,T,G,noncoding,noncoding,noncoding,noncoding,noncoding,NA,81
2933,T,C,noncoding,noncoding,noncoding,noncoding,noncoding,NA,81
3084,C,A,VP35,noncoding,noncoding,noncoding,noncoding,NA,81
3116,C,G,VP35,noncoding,noncoding,noncoding,noncoding,NA,2
3120,T,C,VP35,noncoding,noncoding,noncoding,noncoding,NA,81
3239,A,G,VP35,synonymous,37,Arg,Arg,NA,81
3250,G,A,VP35,nonsynonymous,41,Ser,Asn,1,81
3388,T,G,VP35,nonsynonymous,87,Val,Gly,-3,1
3638,A,G,VP35,synonymous,170,Pro,Pro,NA,1
3701,C,T,VP35,synonymous,191,Thr,Thr,NA,81
3890,C,T,VP35,synonymous,254,Asn,Asn,NA,81
3902,C,T,VP35,synonymous,258,Ile,Ile,NA,81
3944,T,C,VP35,synonymous,272,Ser,Ser,NA,81
4161,C,T,noncoding,noncoding,noncoding,noncoding,noncoding,NA,81
4162,C,T,noncoding,noncoding,noncoding,noncoding,noncoding,NA,81
4180,G,A,noncoding,noncoding,noncoding,noncoding,noncoding,NA,81
4219,C,T,noncoding,noncoding,noncoding,noncoding,noncoding,NA,81
4277,G,A,noncoding,noncoding,noncoding,noncoding,noncoding,NA,81
4314,A,T,noncoding,noncoding,noncoding,noncoding,noncoding,NA,81
4318,T,G,noncoding,noncoding,noncoding,noncoding,noncoding,NA,81
4340,T,C,noncoding,noncoding,noncoding,noncoding,noncoding,NA,80
4359,C,T,noncoding,noncoding,noncoding,noncoding,noncoding,NA,81
4505,T,C,VP40,synonymous,9,Ala,Ala,NA,1
4537,T,C,VP40,nonsynonymous,20,Val,Ala,0,81
4703,T,C,VP40,synonymous,75,Leu,Leu,NA,81
4709,T,C,VP40,synonymous,77,Ala,Ala,NA,1
4759,T,C,VP40,nonsynonymous,94,Ile,Thr,-1,1
4871,A,G,VP40,synonymous,131,Pro,Pro,NA,81
4970,G,A,VP40,synonymous,164,Pro,Pro,NA,81
4976,C,A,VP40,synonymous,166,Val,Val,NA,4
5027,C,T,VP40,synonymous,183,Thr,Thr,NA,81
5069,A,T,VP40,synonymous,197,Thr,Thr,NA,81
5312,T,C,VP40,synonymous,278,Ser,Ser,NA,81
5448,A,G,VP40,nonsynonymous,324,Ile,Val,3,81
5461,T,C,noncoding,noncoding,noncoding,noncoding,noncoding,NA,1
5520,A,T,noncoding,noncoding,noncoding,noncoding,noncoding,NA,81
5525,G,A,noncoding,noncoding,noncoding,noncoding,noncoding,NA,81
5537,T,C,noncoding,noncoding,noncoding,noncoding,noncoding,NA,81
5542,G,A,noncoding,noncoding,noncoding,noncoding,noncoding,NA,81
5552,T,C,noncoding,noncoding,noncoding,noncoding,noncoding,NA,81
5614,A,G,noncoding,noncoding,noncoding,noncoding,noncoding,NA,81
5639,T,C,noncoding,noncoding,noncoding,noncoding,noncoding,NA,81
5690,T,C,noncoding,noncoding,noncoding,noncoding,noncoding,NA,81
5725,T,C,noncoding,noncoding,noncoding,noncoding,noncoding,NA,81
5753,C,T,noncoding,noncoding,noncoding,noncoding,noncoding,NA,81
5792,T,C,noncoding,noncoding,noncoding,noncoding,noncoding,NA,81
5824,A,G,noncoding,noncoding,noncoding,noncoding,noncoding,NA,81
5835,A,G,noncoding,noncoding,noncoding,noncoding,noncoding,NA,81
5846,G,A,noncoding,noncoding,noncoding,noncoding,noncoding,NA,81
5860,C,T,noncoding,noncoding,noncoding,noncoding,noncoding,NA,81
5876,C,T,noncoding,noncoding,noncoding,noncoding,noncoding,NA,81
5988,C,T,GP,noncoding,noncoding,noncoding,noncoding,NA,81
5990,T,G,GP,noncoding,noncoding,noncoding,noncoding,NA,81
6004,A,G,GP,noncoding,noncoding,noncoding,noncoding,NA,81
6030,A,G,GP,noncoding,noncoding,noncoding,noncoding,NA,81
6140,A,G,GP,synonymous,34,Pro,Pro,NA,81
6149,C,T,GP,synonymous,37,Val,Val,NA,81
6161,C,T,GP,synonymous,41,Ser,Ser,NA,81
6175,G,A,GP,nonsynonymous,46,Ser,Asn,1,1
6251,A,G,GP,synonymous,71,Glu,Glu,NA,81
6283,C,T,GP,nonsynonymous,82,Ala,Val,0,78
6284,A,G,GP,synonymous,82,Val,Val,NA,81
6476,G,A,GP,synonymous,146,Pro,Pro,NA,81
6668,T,G,GP,synonymous,210,Ser,Ser,NA,81
6677,C,T,GP,synonymous,213,Tyr,Tyr,NA,81
6719,C,T,GP,synonymous,227,Thr,Thr,NA,81
6833,A,G,GP,synonymous,265,Lys,Lys,NA,81
6909,T,A,GP,nonsynonymous,291,Trp,Arg,-3,1
6980,G,C,GP,nonsynonymous,315,Ala,Pro,-1,81
7044,C,A,GP,nonsynonymous,336,Thr,Asn,0,81
7112,G,A,GP,nonsynonymous,359,Glu,Lys,1,81
7168,C,T,GP,synonymous,377,Pro,Pro,NA,81
7181,C,A,GP,nonsynonymous,382,Pro,Thr,-1,81
7251,A,G,GP,nonsynonymous,405,Glu,Gly,-2,81
7264,C,T,GP,synonymous,409,Arg,Arg,NA,81
7268,A,G,GP,nonsynonymous,411,Thr,Ala,0,81
7325,C,T,GP,synonymous,430,Leu,Leu,NA,81
7351,C,T,GP,synonymous,438,Ser,Ser,NA,81
7374,C,T,GP,nonsynonymous,446,Pro,Leu,-3,81
7390,T,C,GP,synonymous,451,Ser,Ser,NA,81
7411,C,T,GP,synonymous,458,Thr,Thr,NA,81
7504,C,A,GP,synonymous,489,Val,Val,NA,81
7531,A,G,GP,synonymous,498,Arg,Arg,NA,81
7545,C,T,GP,nonsynonymous,503,Ala,Val,0,81
7657,G,A,GP,synonymous,540,Glu,Glu,NA,81
7687,T,C,GP,synonymous,550,Asn,Asn,NA,81
7729,G,A,GP,synonymous,564,Glu,Glu,NA,81
7744,T,C,GP,synonymous,569,Leu,Leu,NA,81
7774,A,G,GP,synonymous,579,Leu,Leu,NA,81
7777,C,A,GP,synonymous,580,Arg,Arg,NA,81
7810,T,C,GP,synonymous,591,Asp,Asp,NA,81
7814,T,C,GP,synonymous,593,Leu,Leu,NA,81
7831,C,T,GP,synonymous,598,Gly,Gly,NA,81
8017,C,T,GP,synonymous,660,Gly,Gly,NA,81
8070,T,C,noncoding,noncoding,noncoding,noncoding,noncoding,NA,81
8084,C,T,noncoding,noncoding,noncoding,noncoding,noncoding,NA,81
8089,T,C,noncoding,noncoding,noncoding,noncoding,noncoding,NA,81
8096,G,A,noncoding,noncoding,noncoding,noncoding,noncoding,NA,81
8101,G,A,noncoding,noncoding,noncoding,noncoding,noncoding,NA,81
8136,G,A,noncoding,noncoding,noncoding,noncoding,noncoding,NA,81
8172,T,C,noncoding,noncoding,noncoding,noncoding,noncoding,NA,81
8263,T,C,noncoding,noncoding,noncoding,noncoding,noncoding,NA,81
8273,G,A,noncoding,noncoding,noncoding,noncoding,noncoding,NA,81
8280,A,G,noncoding,noncoding,noncoding,noncoding,noncoding,NA,1
8368,G,A,VP30,noncoding,noncoding,noncoding,noncoding,NA,81
8372,C,A,VP30,noncoding,noncoding,noncoding,noncoding,NA,81
8375,G,A,VP30,noncoding,noncoding,noncoding,noncoding,NA,81
8381,G,A,VP30,noncoding,noncoding,noncoding,noncoding,NA,81
8417,G,A,VP30,noncoding,noncoding,noncoding,noncoding,NA,81
8428,G,A,VP30,noncoding,noncoding,noncoding,noncoding,NA,81
8437,C,T,VP30,noncoding,noncoding,noncoding,noncoding,NA,81
8451,T,C,VP30,noncoding,noncoding,noncoding,noncoding,NA,81
8463,C,A,VP30,noncoding,noncoding,noncoding,noncoding,NA,81
8495,G,C,VP30,noncoding,noncoding,noncoding,noncoding,NA,81
8504,T,C,VP30,noncoding,noncoding,noncoding,noncoding,NA,81
8775,T,C,VP30,synonymous,89,Asp,Asp,NA,81
8784,G,A,VP30,synonymous,92,Leu,Leu,NA,81
8928,A,C,VP30,synonymous,140,Pro,Pro,NA,72
8986,A,C,VP30,synonymous,160,Arg,Arg,NA,81
9003,A,C,VP30,synonymous,165,Ser,Ser,NA,81
9012,A,G,VP30,synonymous,168,Arg,Arg,NA,81
9021,G,A,VP30,synonymous,171,Leu,Leu,NA,81
9075,A,G,VP30,synonymous,189,Leu,Leu,NA,81
9099,G,A,VP30,synonymous,197,Glu,Glu,NA,81
9390,A,C,noncoding,noncoding,noncoding,noncoding,noncoding,NA,1
9495,G,A,noncoding,noncoding,noncoding,noncoding,noncoding,NA,81
9505,A,G,noncoding,noncoding,noncoding,noncoding,noncoding,NA,81
9535,G,A,noncoding,noncoding,noncoding,noncoding,noncoding,NA,81
9536,A,G,noncoding,noncoding,noncoding,noncoding,noncoding,NA,1
9549,C,T,noncoding,noncoding,noncoding,noncoding,noncoding,NA,81
9555,T,A,noncoding,noncoding,noncoding,noncoding,noncoding,NA,81
9560,G,T,noncoding,noncoding,noncoding,noncoding,noncoding,NA,81
9594,T,C,noncoding,noncoding,noncoding,noncoding,noncoding,NA,81
9654,T,G,noncoding,noncoding,noncoding,noncoding,noncoding,NA,81
9708,C,T,noncoding,noncoding,noncoding,noncoding,noncoding,NA,81
9787,T,A,noncoding,noncoding,noncoding,noncoding,noncoding,NA,81
9795,G,C,noncoding,noncoding,noncoding,noncoding,noncoding,NA,81
9851,A,G,noncoding,noncoding,noncoding,noncoding,noncoding,NA,81
9858,G,T,noncoding,noncoding,noncoding,noncoding,noncoding,NA,81
9911,A,G,VP24,noncoding,noncoding,noncoding,noncoding,NA,81
9923,T,C,VP24,noncoding,noncoding,noncoding,noncoding,NA,1
9973,G,A,VP24,noncoding,noncoding,noncoding,noncoding,NA,81
9986,G,A,VP24,noncoding,noncoding,noncoding,noncoding,NA,81
9994,A,G,VP24,noncoding,noncoding,noncoding,noncoding,NA,81
9995,T,C,VP24,noncoding,noncoding,noncoding,noncoding,NA,81
10005,G,A,VP24,noncoding,noncoding,noncoding,noncoding,NA,1
10026,C,T,VP24,noncoding,noncoding,noncoding,noncoding,NA,81
10057,A,G,VP24,noncoding,noncoding,noncoding,noncoding,NA,81
10065,T,G,VP24,noncoding,noncoding,noncoding,noncoding,NA,81
10125,G,A,VP24,noncoding,noncoding,noncoding,noncoding,NA,81
10208,C,T,VP24,noncoding,noncoding,noncoding,noncoding,NA,81
10218,G,A,VP24,noncoding,noncoding,noncoding,noncoding,NA,44
10238,G,A,VP24,noncoding,noncoding,noncoding,noncoding,NA,81
10252,A,G,VP24,noncoding,noncoding,noncoding,noncoding,NA,1
10268,T,C,VP24,noncoding,noncoding,noncoding,noncoding,NA,1
10270,T,A,VP24,noncoding,noncoding,noncoding,noncoding,NA,81
10350,T,C,VP24,synonymous,2,Ala,Ala,NA,81
10461,G,A,VP24,synonymous,39,Lys,Lys,NA,81
10509,C,T,VP24,synonymous,55,Ala,Ala,NA,1
10566,T,C,VP24,synonymous,74,Asn,Asn,NA,81
10575,T,C,VP24,synonymous,77,Pro,Pro,NA,81
10602,A,T,VP24,synonymous,86,Thr,Thr,NA,81
10624,T,C,VP24,synonymous,94,Leu,Leu,NA,81
10660,C,T,VP24,synonymous,106,Leu,Leu,NA,81
10662,G,A,VP24,synonymous,106,Leu,Leu,NA,81
10743,T,C,VP24,synonymous,133,His,His,NA,1
10801,A,G,VP24,nonsynonymous,153,Ile,Val,3,1
10863,C,T,VP24,synonymous,173,Asn,Asn,NA,81
10869,G,A,VP24,synonymous,175,Leu,Leu,NA,81
11067,G,A,VP24,synonymous,241,Leu,Leu,NA,81
11079,T,C,VP24,synonymous,245,Phe,Phe,NA,81
11124,A,G,noncoding,noncoding,noncoding,noncoding,noncoding,NA,81
11142,G,A,noncoding,noncoding,noncoding,noncoding,noncoding,NA,1
11155,T,A,noncoding,noncoding,noncoding,noncoding,noncoding,NA,81
11170,T,C,noncoding,noncoding,noncoding,noncoding,noncoding,NA,81
11350,G,T,noncoding,noncoding,noncoding,noncoding,noncoding,NA,81
11368,C,T,noncoding,noncoding,noncoding,noncoding,noncoding,NA,81
11384,T,G,noncoding,noncoding,noncoding,noncoding,noncoding,NA,81
11403,G,A,noncoding,noncoding,noncoding,noncoding,noncoding,NA,81
11417,C,T,noncoding,noncoding,noncoding,noncoding,noncoding,NA,81
11435,G,A,noncoding,noncoding,noncoding,noncoding,noncoding,NA,81
11467,T,C,noncoding,noncoding,noncoding,noncoding,noncoding,NA,81
11485,A,G,noncoding,noncoding,noncoding,noncoding,noncoding,NA,81
11652,A,T,L,synonymous,24,Leu,Leu,NA,81
11673,A,G,L,synonymous,31,Leu,Leu,NA,81
11730,C,A,L,synonymous,50,Ile,Ile,NA,81
11811,C,T,L,synonymous,77,Val,Val,NA,1
11832,G,A,L,synonymous,84,Leu,Leu,NA,81
11889,C,T,L,synonymous,103,Ile,Ile,NA,81
11943,G,A,L,synonymous,121,Val,Val,NA,2
11982,G,A,L,synonymous,134,Glu,Glu,NA,81
12096,A,G,L,synonymous,172,Thr,Thr,NA,81
12169,A,C,L,nonsynonymous,197,Met,Leu,2,81
12223,G,A,L,nonsynonymous,215,Ala,Thr,0,81
12285,C,T,L,synonymous,235,Asp,Asp,NA,81
12363,T,C,L,synonymous,261,Asp,Asp,NA,81
12372,T,C,L,synonymous,264,Cys,Cys,NA,81
12462,T,C,L,synonymous,294,Ile,Ile,NA,81
12471,C,T,L,synonymous,297,Phe,Phe,NA,81
12492,C,T,L,synonymous,304,Ala,Ala,NA,81
12504,A,G,L,synonymous,308,Leu,Leu,NA,81
12591,G,A,L,nonsynonymous,337,Met,Ile,1,81
12618,A,C,L,nonsynonymous,346,Gln,His,0,81
12693,T,A,L,synonymous,371,Ile,Ile,NA,81
12786,A,C,L,synonymous,402,Ile,Ile,NA,81
12822,T,C,L,synonymous,414,Ser,Ser,NA,81
12870,T,C,L,synonymous,430,Thr,Thr,NA,81
12878,G,A,L,nonsynonymous,433,Arg,Lys,2,2
12879,G,A,L,synonymous,433,Arg,Arg,NA,81
12885,A,C,L,synonymous,435,Leu,Leu,NA,1
12951,A,G,L,synonymous,457,Leu,Leu,NA,81
13089,A,G,L,synonymous,503,Leu,Leu,NA,81
13119,T,C,L,synonymous,513,Thr,Thr,NA,81
13380,G,A,L,synonymous,600,Glu,Glu,NA,81
13434,T,C,L,synonymous,618,Phe,Phe,NA,81
13503,A,G,L,synonymous,641,Arg,Arg,NA,81
13654,G,A,L,nonsynonymous,692,Asp,Asn,1,81
13665,C,T,L,synonymous,695,Pro,Pro,NA,81
13785,A,G,L,synonymous,735,Leu,Leu,NA,81
13851,C,T,L,synonymous,757,Asp,Asp,NA,81
13856,G,A,L,nonsynonymous,759,Gly,Asp,-1,78
13878,A,G,L,synonymous,766,Glu,Glu,NA,81
13923,T,C,L,synonymous,781,Ser,Ser,NA,1
14019,T,C,L,synonymous,813,Pro,Pro,NA,7
14103,C,T,L,synonymous,841,Gly,Gly,NA,81
14154,G,A,L,synonymous,858,Arg,Arg,NA,81
14178,T,C,L,synonymous,866,Phe,Phe,NA,81
14217,C,T,L,synonymous,879,Phe,Phe,NA,81
14232,C,T,L,synonymous,884,Asp,Asp,NA,1
14502,C,T,L,synonymous,974,Val,Val,NA,81
14601,G,A,L,synonymous,1007,Ala,Ala,NA,81
14634,A,G,L,synonymous,1018,Lys,Lys,NA,81
14640,A,C,L,synonymous,1020,Leu,Leu,NA,81
14670,T,C,L,synonymous,1030,Phe,Phe,NA,81
14682,C,A,L,synonymous,1034,Ile,Ile,NA,81
14728,C,T,L,synonymous,1050,Leu,Leu,NA,81
14784,A,G,L,synonymous,1068,Thr,Thr,NA,81
14808,A,G,L,synonymous,1076,Lys,Lys,NA,81
15048,A,C,L,synonymous,1156,Ala,Ala,NA,81
15081,G,A,L,synonymous,1167,Val,Val,NA,81
15114,G,A,L,synonymous,1178,Pro,Pro,NA,81
15117,C,T,L,synonymous,1179,Asn,Asn,NA,81
15189,A,G,L,synonymous,1203,Gly,Gly,NA,81
15372,A,G,L,synonymous,1264,Ser,Ser,NA,81
15387,C,T,L,synonymous,1269,His,His,NA,81
15441,T,C,L,synonymous,1287,Asn,Asn,NA,81
15501,G,A,L,synonymous,1307,Gln,Gln,NA,81
15504,T,G,L,synonymous,1308,Ser,Ser,NA,81
15599,A,G,L,nonsynonymous,1340,Arg,Gln,1,1
15600,A,G,L,synonymous,1340,Arg,Arg,NA,81
15645,A,G,L,synonymous,1355,Glu,Glu,NA,81
15660,T,C,L,synonymous,1360,Tyr,Tyr,NA,78
15711,C,T,L,synonymous,1377,Asn,Asn,NA,81
15768,C,T,L,synonymous,1396,Phe,Phe,NA,81
15789,T,C,L,synonymous,1403,Gly,Gly,NA,81
15816,T,C,L,synonymous,1412,Asp,Asp,NA,81
15855,C,T,L,synonymous,1425,Ala,Ala,NA,81
15891,C,T,L,synonymous,1437,Asn,Asn,NA,81
15963,G,A,L,synonymous,1461,Lys,Lys,NA,72
16054,T,A,L,nonsynonymous,1492,Leu,Ile,2,2
16146,G,A,L,synonymous,1522,Arg,Arg,NA,81
16164,T,C,L,synonymous,1528,Pro,Pro,NA,81
16269,A,G,L,synonymous,1563,Lys,Lys,NA,81
16320,G,A,L,synonymous,1580,Pro,Pro,NA,81
16321,C,T,L,synonymous,1581,Leu,Leu,NA,81
16335,C,T,L,synonymous,1585,Asn,Asn,NA,81
16401,A,C,L,nonsynonymous,1607,Gln,His,0,81
16424,G,A,L,nonsynonymous,1615,Ser,Asn,1,81
16455,T,C,L,synonymous,1625,Val,Val,NA,1
16540,T,G,L,nonsynonymous,1654,Tyr,Asp,-3,81
16546,G,A,L,nonsynonymous,1656,Ala,Thr,0,81
16552,G,A,L,nonsynonymous,1658,Asp,Asn,1,81
16597,G,A,L,nonsynonymous,1673,Glu,Lys,1,81
16649,A,G,L,nonsynonymous,1690,Asn,Ser,1,81
16659,A,G,L,synonymous,1693,Leu,Leu,NA,81
16701,A,G,L,synonymous,1707,Glu,Glu,NA,81
16750,T,C,L,nonsynonymous,1724,Cys,Arg,-3,1
16752,T,C,L,synonymous,1724,Cys,Cys,NA,81
16764,T,C,L,synonymous,1728,Asn,Asn,NA,81
16857,C,T,L,synonymous,1759,His,His,NA,81
16935,C,T,L,synonymous,1785,Asp,Asp,NA,81
17057,G,A,L,nonsynonymous,1826,Ser,Asn,1,81
17079,A,G,L,synonymous,1833,Leu,Leu,NA,81
17142,T,C,L,synonymous,1854,Phe,Phe,NA,72
17410,T,C,L,nonsynonymous,1944,Tyr,His,2,81
17431,A,G,L,nonsynonymous,1951,Ile,Val,3,81
17484,T,C,L,synonymous,1968,Thr,Thr,NA,81
17512,T,C,L,synonymous,1978,Leu,Leu,NA,81
17535,T,G,L,synonymous,1985,Gly,Gly,NA,81
17565,T,C,L,synonymous,1995,Ala,Ala,NA,81
17568,A,G,L,synonymous,1996,Arg,Arg,NA,81
17649,A,G,L,synonymous,2023,Lys,Lys,NA,81
17745,T,C,L,synonymous,2055,Ser,Ser,NA,81
17802,C,T,L,synonymous,2074,Leu,Leu,NA,81
17833,A,G,L,nonsynonymous,2085,Ile,Val,3,81
17859,A,G,L,synonymous,2093,Arg,Arg,NA,81
17880,T,C,L,synonymous,2100,Thr,Thr,NA,81
17985,T,C,L,synonymous,2135,Phe,Phe,NA,1
17994,G,A,L,synonymous,2138,Val,Val,NA,81
18090,C,T,L,synonymous,2170,Cys,Cys,NA,81
18195,G,A,L,synonymous,2205,Pro,Pro,NA,81
18213,T,C,L,synonymous,2211,Phe,Phe,NA,81
18222,T,A,noncoding,noncoding,noncoding,noncoding,noncoding,NA,81
18237,C,T,noncoding,noncoding,noncoding,noncoding,noncoding,NA,81
18238,C,T,noncoding,noncoding,noncoding,noncoding,noncoding,NA,81
18308,A,C,noncoding,noncoding,noncoding,noncoding,noncoding,NA,81
18338,A,G,noncoding,noncoding,noncoding,noncoding,noncoding,NA,81
18358,T,C,noncoding,noncoding,noncoding,noncoding,noncoding,NA,81
18375,A,G,noncoding,noncoding,noncoding,noncoding,noncoding,NA,81
18412,T,C,noncoding,noncoding,noncoding,noncoding,noncoding,NA,2
18413,G,A,noncoding,noncoding,noncoding,noncoding,noncoding,NA,81
18437,C,T,noncoding,noncoding,noncoding,noncoding,noncoding,NA,81
18445,A,G,noncoding,noncoding,noncoding,noncoding,noncoding,NA,81
18468,T,C,noncoding,noncoding,noncoding,noncoding,noncoding,NA,81
18496,A,T,noncoding,noncoding,noncoding,noncoding,noncoding,NA,81
18526,A,G,noncoding,noncoding,noncoding,noncoding,noncoding,NA,81
18545,C,T,noncoding,noncoding,noncoding,noncoding,noncoding,NA,81
18548,T,C,noncoding,noncoding,noncoding,noncoding,noncoding,NA,81
18563,T,C,noncoding,noncoding,noncoding,noncoding,noncoding,NA,81
18596,T,C,noncoding,noncoding,noncoding,noncoding,noncoding,NA,81
18626,A,G,noncoding,noncoding,noncoding,noncoding,noncoding,NA,81
18632,A,G,noncoding,noncoding,noncoding,noncoding,noncoding,NA,81
18734,T,C,noncoding,noncoding,noncoding,noncoding,noncoding,NA,81
18738,A,T,noncoding,noncoding,noncoding,noncoding,noncoding,NA,81
18764,G,A,noncoding,noncoding,noncoding,noncoding,noncoding,NA,81
18842,A,G,noncoding,noncoding,noncoding,noncoding,noncoding,NA,81
18871,C,T,noncoding,noncoding,noncoding,noncoding,noncoding,NA,81
18895,C,T,noncoding,noncoding,noncoding,noncoding,noncoding,NA,72